{
  "performVersionCheck": true,
  "origins": {
    "moborigins:witch": {
      "enabled": true,
      "moborigins:better_potions": true,
      "moborigins:potion_action": true,
      "moborigins:witch_particles": true,
      "moborigins:pillager_aligned": true,
      "moborigins:illager": true
    },
    "moborigins:drowned": {
      "enabled": true,
      "moborigins:trident_expert": true,
      "moborigins:water_vision": true,
      "moborigins:guardian_ally": true,
      "moborigins:water_combatant": true,
      "moborigins:undead": true,
      "moborigins:zombie_hunger": true,
      "moborigins:surface_slowness": true,
      "origins:carnivore": true
    },
    "dac:butcher": {
      "enabled": true,
      "dac:better_meat": true,
      "dac:favourite_tool": true
    },
    "origins-classes:warrior": {
      "enabled": true,
      "origins-classes:more_attack_damage": true,
      "origins-classes:less_shield_slowdown": true
    },
    "origins:elytrian": {
      "enabled": true,
      "origins:elytra": true,
      "origins:launch_into_air": true,
      "origins:aerial_combatant": true,
      "origins:light_armor": true,
      "origins:claustrophobia": true,
      "origins:more_kinetic_damage": true
    },
    "dragon_origins:green_dragon_origin": {
      "enabled": true,
      "dragon_origins:good_neighboer": true,
      "dragon_origins:green": true,
      "dragon_origins:elytra": true,
      "dragon_origins:white_teeth": true,
      "dragon_origins:vegie": true,
      "dragon_origins:food": true,
      "dragon_origins:size": true,
      "dragon_origins:emerald": true,
      "dragon_origins:droar": true,
      "dragon_origins:advancement": true
    },
    "moborigins:bee": {
      "enabled": true,
      "moborigins:stinger": true,
      "moborigins:flower_power": true,
      "moborigins:queen_bee": true,
      "moborigins:small_bug": true,
      "moborigins:bee_wings": true,
      "origins:vegetarian": true
    },
    "dragon_origins:cookie": {
      "enabled": true,
      "dragon_origins:canibalism": true,
      "dragon_origins:spillage": true,
      "dragon_origins:advancement": true
    },
    "dragon_origins:kraken": {
      "enabled": true,
      "dragon_origins:kraken/bigger_kraken": true,
      "dragon_origins:kraken/tentacles": true,
      "dragon_origins:kraken/grapple": true,
      "dragon_origins:kraken/grappledesc": true,
      "dragon_origins:kraken/grappletp": true,
      "origins:air_from_potions": true,
      "origins:aqua_affinity": true,
      "origins:more_exhaustion": true,
      "origins:carnivore": true,
      "origins:water_vision": true,
      "origins:conduit_power_on_land": true,
      "origins:like_water": true,
      "origins:water_breathing": true,
      "dragon_origins:advancement": true
    },
    "dragon_origins:lorax": {
      "enabled": true,
      "dragon_origins:lorax/phase": true,
      "dragon_origins:lorax/no_tree_chopping": true,
      "dragon_origins:lorax/size": true,
      "dragon_origins:lorax/friendly": true,
      "dragon_origins:lorax/marshmellow": true,
      "dragon_origins:advancement": true
    },
    "dragon_origins:mini": {
      "enabled": true,
      "dragon_origins:speed": true,
      "dragon_origins:size2": true,
      "origins:fall_immunity": true,
      "origins:climbing": true,
      "dragon_origins:haste": true,
      "origins:no_shield": true,
      "dragon_origins:less_hp": true,
      "dragon_origins:speedswim": true,
      "dragon_origins:speed_boost": true,
      "origins:carnivore": true,
      "dragon_origins:slow": true,
      "dragon_origins:jump_boost": true,
      "dragon_origins:advancement": true
    },
    "origins-classes:explorer": {
      "enabled": true,
      "origins-classes:explorer_kit": true,
      "origins-classes:no_sprint_exhaustion": true
    },
    "origins-classes:rancher": {
      "enabled": true,
      "origins-classes:twin_breeding": true,
      "origins-classes:more_animal_loot": true
    },
    "origins:blazeborn": {
      "enabled": true,
      "origins:fire_immunity": true,
      "origins:nether_spawn": true,
      "origins:burning_wrath": true,
      "origins:hotblooded": true,
      "origins:water_vulnerability": true,
      "origins:flame_particles": true,
      "origins:damage_from_snowballs": true,
      "origins:damage_from_potions": true
    },
    "origins-classes:farmer": {
      "enabled": true,
      "origins-classes:more_crop_drops": true,
      "origins-classes:better_bone_meal": true
    },
    "extraorigins:floran": {
      "enabled": true,
      "extraorigins:green_thumb": true,
      "extraorigins:photosynthesis": true,
      "extraorigins:absorbing": true,
      "extraorigins:flammable": true,
      "extraorigins:nectarivore": true
    },
    "origins-classes:miner": {
      "enabled": true,
      "origins-classes:more_stone_break_speed": true,
      "origins-classes:no_mining_exhaustion": true
    },
    "dragon_origins:pirate": {
      "enabled": true,
      "dragon_origins:pirate/hook": true,
      "dragon_origins:pirate/eye_patch": true,
      "dragon_origins:pirate/swim_speed": true,
      "dragon_origins:pirate/home": true,
      "dragon_origins:pirate/shiny": true,
      "dragon_origins:advancement": true
    },
    "origins-classes:cook": {
      "enabled": true,
      "origins-classes:better_crafted_food": true,
      "origins-classes:more_smoker_xp": true
    },
    "dragon_origins:yang": {
      "enabled": true,
      "dragon_origins:yinyang/yang/yintransform": true,
      "dragon_origins:yinyang/yang/cloud": true,
      "dragon_origins:yinyang/yang/posess": true,
      "dragon_origins:yinyang/yang/transparency1": true,
      "dragon_origins:yinyang/yang/dayweak": true,
      "dragon_origins:yinyang/yang/invis_temp": true,
      "dragon_origins:advancement": true
    },
    "dragon_origins:sand_larvae": {
      "enabled": true,
      "dragon_origins:sand/sand_larvae/air_swim": true,
      "dragon_origins:sand/sand_larvae/advancement": true,
      "dragon_origins:sand/sand_larvae/hp": true,
      "dragon_origins:sand/sand_larvae/size": true,
      "dragon_origins:sand/sand_larvae/bite": true,
      "dragon_origins:sand/sand_larvae/spit": true,
      "dragon_origins:sand/sand_larvae/sand_confidene": true,
      "dragon_origins:sand/sand_larvae/desert": true,
      "dragon_origins:advancement": true
    },
    "moborigins:wolf": {
      "enabled": true,
      "moborigins:wolf_body": true,
      "moborigins:full_moon": true,
      "moborigins:alpha_wolf": true,
      "moborigins:wolf_howl": true,
      "moborigins:wolf_pack": true,
      "origins:carnivore": true
    },
    "dac:baker": {
      "enabled": true,
      "dac:more_bread": true,
      "dac:professional_baker": true
    },
    "origins-classes:blacksmith": {
      "enabled": true,
      "origins-classes:quality_equipment": true,
      "origins-classes:efficient_repairs": true
    },
    "dragon_origins:necromancer": {
      "enabled": true,
      "dragon_origins:gloom2": true,
      "dragon_origins:mysterous": true,
      "dragon_origins:emume": true,
      "dragon_origins:summon/sz_summon": true,
      "dragon_origins:summon/a_summon": true,
      "dragon_origins:summon/d_summon": true,
      "dragon_origins:cloak": true,
      "dragon_origins:advancement": true
    },
    "origins-classes:rogue": {
      "enabled": true,
      "origins-classes:sneaky": true,
      "origins-classes:stealth": true,
      "origins-classes:stealth_descriptor": true
    },
    "moborigins:strider": {
      "enabled": true,
      "origins:fire_immunity": true,
      "origins:nether_spawn": true,
      "origins:water_vulnerability": true,
      "moborigins:lava_walk": true,
      "moborigins:surface_slowness": true,
      "moborigins:rideable_creature": true,
      "moborigins:strider_shake": true,
      "moborigins:warped_fungus_eater": true
    },
    "origins-classes:nitwit": {
      "enabled": true
    },
    "origins:enderian": {
      "enabled": true,
      "origins:throw_ender_pearl": true,
      "origins:water_vulnerability": true,
      "origins:pumpkin_hate": true,
      "origins:extra_reach": true,
      "origins:ender_particles": true,
      "origins:damage_from_potions": true
    },
    "origins:feline": {
      "enabled": true,
      "origins:fall_immunity": true,
      "origins:sprint_jump": true,
      "origins:velvet_paws": true,
      "origins:nine_lives": true,
      "origins:weak_arms": true,
      "origins:scare_creepers": true,
      "origins:cat_vision": true
    },
    "dac:wandering_trader": {
      "enabled": true,
      "dac:morning_deliveries": true,
      "dac:elder_experience": true
    },
    "moborigins:guardian": {
      "enabled": true,
      "moborigins:guardian_spikes": true,
      "moborigins:guardian_ally": true,
      "moborigins:prismarine_skin": true,
      "moborigins:surface_weakness": true,
      "moborigins:slippery": true,
      "origins:water_breathing": true,
      "origins:water_vision": true,
      "origins:aqua_affinity": true,
      "origins:swim_speed": true,
      "origins:like_water": true,
      "origins:aquatic": true,
      "origins:conduit_power_on_land": true,
      "origins:air_from_potions": true
    },
    "origins:phantom": {
      "enabled": true,
      "origins:phantomize": true,
      "origins:translucent": true,
      "origins:phasing": true,
      "origins:invisibility": true,
      "origins:burn_in_daylight": true,
      "origins:hunger_over_time": true,
      "origins:fragile": true,
      "origins:phantomize_overlay": true
    },
    "dragon_origins:test": {
      "enabled": true,
      "dragon_origins:test/invis_temp": true,
      "dragon_origins:test/heal": true,
      "dragon_origins:test/lightning": true,
      "dragon_origins:advancement": true
    },
    "origins-classes:beastmaster": {
      "enabled": true,
      "origins-classes:tamed_animal_boost": true,
      "origins-classes:tamed_potion_diffusal": true
    },
    "origins-classes:merchant": {
      "enabled": true,
      "origins-classes:trade_availability": true,
      "origins-classes:rare_wandering_loot": true
    },
    "moborigins:elder_guardian": {
      "enabled": true,
      "moborigins:elder_spikes": true,
      "moborigins:elder_magic": true,
      "moborigins:mining_fatigue_immune": true,
      "moborigins:guardian_ally": true,
      "moborigins:prismarine_skin": true,
      "moborigins:surface_weakness": true,
      "moborigins:slippery": true,
      "origins:water_breathing": true,
      "origins:water_vision": true,
      "origins:aqua_affinity": true,
      "origins:swim_speed": true,
      "origins:like_water": true,
      "origins:aquatic": true,
      "origins:conduit_power_on_land": true,
      "origins:air_from_potions": true
    },
    "origins:avian": {
      "enabled": true,
      "origins:slow_falling": true,
      "origins:fresh_air": true,
      "origins:like_air": true,
      "origins:tailwind": true,
      "origins:lay_eggs": true,
      "origins:vegetarian": true
    },
    "origins-classes:archer": {
      "enabled": true,
      "origins-classes:no_projectile_divergence": true,
      "origins-classes:less_bow_slowdown": true
    },
    "dragon_origins:cyborg": {
      "enabled": true,
      "dragon_origins:metal_skin": true,
      "dragon_origins:water": true,
      "dragon_origins:xtrajump": true,
      "dragon_origins:fire_immunity": true,
      "dragon_origins:no_armor": true,
      "dragon_origins:fall_dam": true,
      "dragon_origins:night_v": true,
      "dragon_origins:advancement": true
    },
    "dragon_origins:panda": {
      "enabled": true,
      "dragon_origins:panda/food": true,
      "dragon_origins:panda/food_dis": true,
      "origins:vegetarian": true,
      "dragon_origins:advancement": true
    },
    "dragon_origins:red_dragon": {
      "enabled": true,
      "origins:fire_immunity": true,
      "origins:nether_spawn": true,
      "origins:burning_wrath": true,
      "origins:water_vulnerability": true,
      "origins:hotblooded": true,
      "dragon_origins:freeze": true,
      "dragon_origins:size69": true,
      "dragon_origins:wreckless": true,
      "origins:carnivore": true,
      "dragon_origins:advancement": true
    },
    "dragon_origins:druid": {
      "enabled": true,
      "dragon_origins:f_buf": true,
      "dragon_origins:nether2": true,
      "dragon_origins:hot_debuf": true,
      "dragon_origins:vegie3": true,
      "dragon_origins:roots": true,
      "dragon_origins:roots2": true,
      "dragon_origins:roots3": true,
      "dragon_origins:heal2": true,
      "dragon_origins:regen": true,
      "dragon_origins:plant_v": true,
      "dragon_origins:green2": true,
      "dragon_origins:hunger": true,
      "dragon_origins:advancement": true
    },
    "origins:human": {
      "enabled": true
    },
    "origins-classes:lumberjack": {
      "enabled": true,
      "origins-classes:tree_felling": true,
      "origins-classes:more_planks_from_logs": true
    },
    "moborigins:evoker": {
      "enabled": true,
      "moborigins:summon_fangs": true,
      "moborigins:lower_totem_chance": true,
      "moborigins:pillager_aligned": true,
      "moborigins:illager": true
    },
    "extraorigins:piglin": {
      "enabled": true,
      "extraorigins:all_that_glitters": true,
      "extraorigins:piglin_neutrality": true,
      "extraorigins:crossbow_master": true,
      "origins:nether_spawn": true,
      "extraorigins:homesick": true,
      "origins:carnivore": true,
      "extraorigins:flabby": true,
      "extraorigins:soul_spooked": true
    },
    "ratsmischief:rat": {
      "enabled": true
    },
    "origins:shulk": {
      "enabled": true,
      "origins:shulker_inventory": true,
      "origins:natural_armor": true,
      "origins:strong_arms": true,
      "origins:strong_arms_break_speed": true,
      "origins:no_shield": true,
      "origins:more_exhaustion": true
    },
    "origins-classes:cleric": {
      "enabled": true,
      "origins-classes:longer_potions": true,
      "origins-classes:better_enchanting": true
    },
    "dragon_origins:magic_fly": {
      "enabled": true,
      "dragon_origins:vegie2": true,
      "dragon_origins:fairy_wings": true,
      "dragon_origins:easy_travel": true,
      "dragon_origins:size3": true,
      "dragon_origins:slow": true,
      "origins:fall_immunity": true,
      "dragon_origins:6hp": true,
      "dragon_origins:no_swords": true,
      "dragon_origins:iron_golem": true,
      "dragon_origins:heal": true,
      "dragon_origins:no_combat": true,
      "dragon_origins:hot_debuf": true,
      "dragon_origins:nether": true,
      "dragon_origins:hunger": true,
      "dragon_origins:advancement": true
    },
    "foxboi_two:foxboi_two": {
      "enabled": true,
      "foxboi_two:pounce": true,
      "foxboi_two:pounce_aerialdamage": true,
      "foxboi_two:pounce_falling": true,
      "foxboi_two:phantomize": true,
      "foxboi_two:phasing": true,
      "foxboi_two:phasing_jump": true,
      "foxboi_two:invisibility": true,
      "foxboi_two:fox_pouch": true,
      "foxboi_two:fox_pouch_sound": true,
      "foxboi_two:run": true,
      "origins:fall_immunity": true,
      "foxboi_two:speed": true,
      "foxboi_two:fragilefox": true,
      "foxboi_two:yummy_berries": true,
      "foxboi_two:zberry_no_hurt": true,
      "foxboi_two:armor": true,
      "foxboi_two:paws": true,
      "foxboi_two:phase_fix": true,
      "foxboi_two:paws_shield": true,
      "foxboi_two:hungy": true,
      "foxboi_two:fox_eyes": true,
      "foxboi_two:monch": true,
      "foxboi_two:yum": true
    },
    "origins:merling": {
      "enabled": true,
      "origins:water_breathing": true,
      "origins:water_vision": true,
      "origins:aqua_affinity": true,
      "origins:swim_speed": true,
      "origins:like_water": true,
      "origins:aquatic": true,
      "origins:conduit_power_on_land": true,
      "origins:air_from_potions": true
    },
    "dragon_origins:undead": {
      "enabled": true,
      "dragon_origins:zombie": true,
      "dragon_origins:daylight": true,
      "dragon_origins:hugs": true,
      "dragon_origins:body": true,
      "dragon_origins:body_": true,
      "dragon_origins:undead": true,
      "dragon_origins:unnerving": true,
      "dragon_origins:attacker": true,
      "dragon_origins:target": true,
      "dragon_origins:join_team": true,
      "dragon_origins:create_team": true,
      "dragon_origins:summon": true,
      "dragon_origins:shovel": true,
      "dragon_origins:stone_sword": true,
      "dragon_origins:advancement": true
    },
    "origins:arachnid": {
      "enabled": true,
      "origins:climbing": true,
      "origins:master_of_webs": true,
      "origins:carnivore": true,
      "origins:fragile": true,
      "origins:arthropod": true
    },
    "extraorigins:inchling": {
      "enabled": true,
      "extraorigins:bite_sized": true,
      "extraorigins:nimble": true,
      "extraorigins:small_appetite": true,
      "origins:climbing": true,
      "extraorigins:jockey": true
    },
    "dragon_origins:mimic": {
      "enabled": true,
      "dragon_origins:mimic/toggle": true,
      "dragon_origins:mimic/toggle2": true,
      "dragon_origins:mimic/display": true,
      "origins:nine_lives": true,
      "dragon_origins:advancement": true
    },
    "dragon_origins:yin": {
      "enabled": true,
      "dragon_origins:yinyang/yin/yangtransform": true,
      "dragon_origins:yinyang/yin/heal": true,
      "dragon_origins:test/lightning": true,
      "dragon_origins:yinyang/yin/transparency": true,
      "dragon_origins:yinyang/yin/darkweak": true,
      "dragon_origins:advancement": true
    },
    "craw:craw": {
      "enabled": true,
      "craw:caw": true,
      "craw:craft": true,
      "craw:flap": true,
      "craw:senses": true,
      "craw:greedy": true,
      "craw:undetectable": true,
      "craw:mate": true,
      "craw:torn": true,
      "craw:spawn": true,
      "craw:egg": true,
      "craw:small": true,
      "craw:rivals": true,
      "craw:fly": true,
      "craw:saturation": true,
      "craw:fall": true,
      "craw:energy": true,
      "craw:regen": true,
      "craw:material": true,
      "craw:night": true,
      "craw:arrow": true,
      "craw:cursed": true,
      "craw:flammable": true,
      "craw:skin": true,
      "craw:water": true,
      "craw:hunter": true,
      "craw:shiny": true,
      "craw:wing": true
    },
    "extraorigins:truffle": {
      "enabled": true,
      "extraorigins:magic_spores": true,
      "extraorigins:infestation": true,
      "extraorigins:rooted": true,
      "extraorigins:decomposition": true
    },
    "moborigins:fox": {
      "enabled": true,
      "moborigins:timid_creature": true,
      "moborigins:better_berries": true,
      "moborigins:careful_gatherer": true,
      "moborigins:item_collector": true,
      "moborigins:sly": true,
      "moborigins:small_fox": true
    },
    "moborigins:snowgolem": {
      "enabled": true,
      "origins:water_vulnerability": true,
      "moborigins:temperature": true,
      "moborigins:overheat": true,
      "moborigins:melting": true,
      "moborigins:stronger_snowballs": true,
      "moborigins:snow_trail": true,
      "moborigins:frigid_strength": true
    },
    "moborigins:slime": {
      "enabled": true,
      "moborigins:bouncy": true,
      "moborigins:split": true,
      "moborigins:small_weak": true,
      "origins:fall_immunity": true,
      "moborigins:slimy_color": true,
      "moborigins:dyeable": true
    }
  }
}